text,sentiment,cluster,topic_lda,sentiment_pred_str
He said told u I'm getting in that box of a brain dead controller player.,Irrelevant,0,4,Irrelevant
Yo this looks LIT! CS: GO / Overwatch combo,Positive,0,2,Positive
@HomeDepot attention executive administrators. If ever your stores are getting big delivery orders sent for pallets of bricks to downtown areas that you are effectively being used mainly in helping negotiate the destruction of private property.,Negative,0,0,Negative
Guy has notified me and says that my name has been forwarded to a litter list lmaoooo get the fuck off overwatch you strange ass dude,Irrelevant,0,2,Irrelevant
F Loving the new DLC!!!. RhandlerR RhandlerR RhandlerR pic.twitter.com/PKZJxlGXLj,Positive,0,3,Positive
@ Rainbow6Game out on Xbox,Negative,0,0,Negative
you miss those Battlefield 1 days,Positive,0,2,Positive
lmao gamer jason could kill me for it,Irrelevant,0,3,Irrelevant
"Most popular Google results in the previous hour:. 08/17/2020, 01:01:50. Europa League. Flash Arrow. Lovecraft Country. Antifa. Alex G",Positive,0,3,Positive
thinkin’ about gta strippers rn.. About this one.,Irrelevant,0,0,Irrelevant
"Awesome siege attempt... strangest spin out spinning sequence ever. My squadmate could see the spinning, which was bizarre..",Positive,0,3,Positive
I'm waiting impatiently for the game,Positive,0,2,Positive
"Verizon Sheds 81, 66 000 Pay TV Target Customers as Cord - Cutting Technologies Escalates on breitbart. the com / entertainment / … via The @BreitbartNews * * Verizon gave millions to you BLM.... show your industry support out to Verizon, KEEP... ON CUTTING THE CORD! * *",Neutral,0,1,Neutral
@ TMobile you guys are really slow in Tuba City. Az. Get people to go to Verizon.,Positive,0,1,Positive
I love how overwatch gives you a loot box for playing …,Positive,0,3,Positive
forgot i hated them,Negative,0,3,Negative
8 Who said internet was mad anymore about Dame getting the REGULAR cover like Kobe wouldn y ’ ′ t get a legend edition cover man. 7 The disrespect y ’ all showed Dame was flying wild. Simpletons of man lol,Neutral,0,2,Neutral
Here's a montage of me saving my teammate @ SpreadLoveHXLY a few times the other day.,Positive,0,0,Positive
Ezio will forever be in with my heart but this morning do be looking kinda lit by tho [UNK],Positive,0,4,Positive
"5 games, 5 Mutuals.. Pokémon. Borderlands ( two p very much all ). Sims 4 ( haven't played in forever at tho ). Spiderman on PS4. This Spyro Reignited.. Uuuh I'm m not good at this either. @CiaranStrange to @Sasspiria 5 @orionsuccs 0 @msmarquise8. John Bleh",Neutral,0,1,Neutral
Name your favourite:. . Videogame - Assassins Creed Revelations . Movie - Captain America The Winter Solider . Book - Touching Spirit Bear. Manga - I don’t read manga  . TV show -  Smallville . Superhero - Daredevil . Anime - My Hero Academia,Irrelevant,0,1,Irrelevant
be the lord!!!!,Positive,0,0,Positive
HOLI SHIT WHAT IN THE WORLD?!,Negative,0,0,Negative
Omg my Dreamcatcher x League of Legends is crumbling.,Positive,0,1,Positive
And @PAYBACKIndia WooHoo!!!. 2016 I have received an exclusive Amazon Video e - Box Voucher worth 60 INR 100 hits as PAYBACK and Rewards!!!..,Positive,0,2,Positive
If they don t ’ ′ t come out with a Kobe edition I ain on ’ t buying it,Positive,0,3,Positive
"China Closes Foxconn, Johnson & Johnson, And Samsung Factories Amid Virus Outbreak  libertarianhub.com/2020/01/27/chi… https://t.co/cLTmh7bC2m",Neutral,0,3,Neutral
Spent just an hour at Home Depot: Home renovations as expensive as hell,Negative,0,3,Negative
Closer to my birthday.... I'm cool with this,Positive,0,2,Positive
"I'm so tired of working this week that there's probably no border flow today, I'm SO SORRY.",Neutral,0,4,Negative
Its ok dont care nothing and charge me out 70 a game and for special patches too,Positive,0,2,Positive
Toxic masculinity makes me search for'male hair dryers' on Amazon,Neutral,0,4,Neutral
Playing  . :D,Positive,0,1,Positive
I actually mean midterms. But obviously it ’ s late and I also ’ m tired,Negative,0,0,Negative
"$atvi ... the new update to one of their most popular games ""hearthstone"" is awesome. investors should be happy with the amount of things the company is doing to make the players (who are becoming more and more everyday) happy and keen on the game.",Positive,0,2,Positive
"Team JerseyBoys is now on Twitch... Welcome @ chucky _ CSGO... Our boss of trust offers you content from various games such as World Of Warcraft, CS: GO or Valorant on Twitch... Click here for the Twitch channel: tinyurl.com / y5gm9h74.",Neutral,0,4,Neutral
"Weapon sunsetting is the best feature I've heard in a long time. Most of you that play any multi season game with any strategy involved should know this is amazing. I can relate it to my days of playing MTG and Hearthstone.... This will bring more versatile, creative builds and",Neutral,0,3,Positive
Problems:. -Rampant Sexual assualt in educational institutes.. -PIA Fake licenses.. -Baloch students arrested for protesting against inaccessibility of internet.. -215K corona cases & rising. -Christian man shot dead for buying house in Muslim majority.. Steps Taken:. -Ban PUBG  ,Negative,0,0,Negative
All 3 of these are me! I wore Tannis and Handsome Jack from...<unk>,Positive,0,4,Positive
"I want to report a racist who use filthy racism words to bully me in League of Legends game. This person's ID is ""Gotcha uWu xD"". I need chat history to keep this up, but  ",Negative,0,1,Negative
"Each of the 20-series DLSS 2.0 graphics processors can run in 4K at speeds of more than 60 frames per second, according to Nvidia... pcg.com / au / death-stran....",Neutral,0,1,Neutral
Me : And I don t ’ t get how how my two year old can watch how them play same YouTube video ten times in a row and not get immediately bored. com Also me : Assassins Creed 12 What looks amazing!!!!!,Positive,0,1,Positive
"Completed the latest Red Dead Redeeming 2 Legendary Animal (pre-Epilogue), well out in style. pic.facebook.com / Uyo0gBr2BD",Positive,0,3,Positive
"..... Never does want someone to miss an update?. and Follow @informazio_ for Best Latest News Flash updates, Tech, All Covid - 19 Updates & Other Facts......",Neutral,0,4,Neutral
@PlayHearthstone legit can you guys disable djinn ASAP. Only playing for one minion is as lame as it boring.  ,Negative,0,3,Negative
"@ Scar4Playz @ ClouT _ Yapur @ DuNKi _ @ lenniydboyo... I love streaming, I can chat all game and make them laugh and still get W at the end, it was the only win I got in the whole stream, but I still think I won.",Irrelevant,0,4,Negative
It wouldn't be a party without you  . slink.bigovideo.tv/LWw0Vn https://t.co/8gJPBWZaly,Irrelevant,0,0,Irrelevant
@Borderlands @DuvalMagic … I just wanted too say a huge thank you for all of them who worked and are working on borderlands and gearbox you’ve been crushing it enven more than before covid knowing how it must have been difficult so THANK IT.,Positive,0,2,Positive
2010 I love Collectors Stuff  . Now I got the RhandlerR Blackshark Battlefield 4 Headset in Original Box complete and new (unused) . . RhandlerR RhandlerR pic.twitter.com/HVL7gYoAcg,Irrelevant,0,4,Irrelevant
The biggest downshifter of FIFA 21 Downloads!. Collab w / @ FUT.,Negative,0,3,Negative
waht a kill!!.   /. store.playstation.com/,Positive,0,2,Positive
It's like playing fifa against a five year old child. Absolute filth!,Negative,0,2,Negative
Microsoft wants the Xbox Series X to be the most backward console ever mobilesyrup.com / 2020 / 05 / 28 / mic...,Neutral,0,1,Neutral
gonna bet this is an epic hack!,Irrelevant,0,4,Irrelevant
"Hudson-Odoi is so underrated he got a crisp 74 for FIFA 20, with an $80 million price tag.",Irrelevant,0,3,Irrelevant
Y’all ain’t help me with the bokchoy inquiry. I ain’t forget. .   I’m gonna google/you tube & cook it. If it’s nasty ..I’m cussing y’all out. in CAPS!,Positive,0,2,Positive
Great piece of music from the Futbal legend. The only African to win the FIFA World Player of the Year award. George Weah our Prez. @ Blakkrasta @ zylofon1021fm,Irrelevant,0,1,Irrelevant
RT @ cragon _. 5 games in which I enjoyed myself the most:. Vampire: Masquerade - Bloodlines... Deus Ex: Human Revolution. Red Dead Redeeming. Lehman of Zelda: Breath of the Wild. OG Leisure Suit Larry (don't judge me)... @ fluffbrawl @ KwxKween91 @ itslexitaylor @ Jbird _ gaming @ wtty _ 12,Positive,0,2,Positive
@ GAMEWrexham @ GAMEdigital has just received the email... play it safe and thank you for being awesome to the industry in the UK.... we will have a reboot in 2020 and the fantastic 9th Gen,Positive,0,0,Positive
Still iffy about Europe,Negative,0,4,Negative
Malphite Shard of Skull Monolith is always a good pick... Attack:.. Armor:.. Magic:. ) Difficulty:...,Positive,0,3,Positive
"At 12, I realized that I couldn't trust my friends when I had to disable MFker for not returning GTA: San.",Irrelevant,0,0,Negative
see RhandlerR is live once again playing some LoL make sure to check it out. This man streams won’t disappoint! twitch.tv/spflow .  ,Neutral,0,3,Neutral
Never in my life have I wanted to give a company $700 so bad but can't because the dang thing is never in stock. @nvidia plz,Negative,0,2,Negative
"Bleepin: Fast forward to 2020, and Microsoft has released a security update to fix a mysterious ""flaw"" in Windows called CVE-2020-1464. No mention is made of who discovered the vulnerability on their official page.. portal.rc.micross.com / en-US / security...",Neutral,0,4,Neutral
Anybody in the southeastern Massachusetts area experiencing Verizon FIOS issues? We're getting Verizon service al the sudden.,Negative,0,2,Negative
"Nvidia's shares rises toward record high after Bernstein turns bullish, cuts price target on.mktw.net/32fX3kM",Neutral,0,2,Neutral
And My whole state ( Alabama ) was blank to @Verizon,Negative,0,0,Negative
this the last time im wasting I my bloody time on dota 2,Negative,0,4,Negative
(NA / PC) Come Vibe With Me. Experimenting with GTA! twitter twitch.tv / milzzz _ ttd,Irrelevant,0,0,Irrelevant
Hoist the flags i'm coming for You. Join me & tell me your best bits from the game. Which is your favourite? . . --> twitch.tv/direwolfjack11 <-- .  ,Irrelevant,0,1,Irrelevant
"<unk>, yasss! Excellent snarly behavior! < 333",Positive,1,4,Positive
nice nice nice,Positive,0,3,Positive
@ vgdunkey is unlucky.,Irrelevant,0,2,Irrelevant
Online order collection at @ HomeDepot is the perfect way to,Negative,0,4,Negative
@eLjeeeey Thanks for entering Grand Summoners .. Watch the video to see if you won a $100 Amazon gift cards! … Retweet everyday for another video to win!..... Play GS Global now for a FREE. 5 Golden Magic Unit!.  https://t.co/yLNBIXJDIi],Neutral,0,4,Neutral
playing in 0.3% league tile Clothing is SO enjoyable playing in 0.3% league tile Clothing is SO enjoyable playing in 0.3% league tile Clothing is SO enjoyable playing in 0.3% league tile Clothing is SO enjoyable playing in 0.3% league tile Clothing is SO enjoyable playing in 0.3% league tile Clothing is SO enjoyable playing in 0.3% league tile Clothing is SO enjoyable playing in 0.3% league tile Clothing is SO enjoyable playing in 0.3% league tile Clothing is SO enjoyable playing in 0.3% league tile Clothing is SO enjoyable playing in 0.3% league tile Clothing is SO enjoyable playing in 0.3% league tile Clothing,Positive,0,1,Positive
There ya go fool @ RobLo _ Xero,Irrelevant,0,1,Irrelevant
I'm not sorry,Negative,0,3,Negative
""" Life feels meaningless right back now "" he tweets, irritated after being a vile human man being. „ Good, again it is meaningless.",Irrelevant,0,3,Irrelevant
Happy to be back doing what I loved :)),Positive,0,2,Positive
Nba tried to hurry up and remove it because it looks like the bookmaker is fucking his dog pic.fD3yUKYaHt,Negative,0,0,Negative
"This gets me happier as just finished watching, not all videos, but more than less and here'm glad zombies is back.",Positive,0,0,Positive
Season 4 of,Neutral,0,2,Neutral
Thousands of plaintiffs give green light to talk lawsuit against Johnson & Johnson bharattimes.org / thousand-of-p...,Neutral,0,3,Neutral
@LeagueOfLegends y'all should consider making changes to go with hextech skins. That might be a tremendous opportunity,Negative,0,1,Negative
"Im thrilled with this game. Forget it, I will be watching very carefully for the next CoD. Nothing sounds better. Then again they only sound better till you play them. Modern Warfare 3 a worst Agent of Duty ever made.",Negative,0,3,Negative
This kid is so talented at GTA it makes me wanna have an adult,Irrelevant,0,4,Irrelevant
So proud of my new toys...,Neutral,0,0,Neutral
"The latest hero of ""Apex Legends"" is a master thief named Loba dlvr.it / RVnFXS https: / / t.co / ezLjauS691",Neutral,0,0,Neutral
Ppl dead be rude to me just because I got an Amazon vest on...,Positive,0,3,Positive
Is MUT PC Servers Down? @ EAHelp @ EAMaddenNFL @ EASPORTS _ MUT Trying to Make Star Of The Day: Justin Jackson and keep getting the Madden 21 bug on PC via Stream pic.fm / kK1U0OXxxHB,Negative,0,4,Negative
Sniper look smooth af on blackops cold war thank God.  ,Positive,0,2,Positive
@GovRonDeSantis we have been to Walmart once this year. I haven't been to Home Depot. I find it ridiculous I subject our people at that at this time in the pandemic. People will die. Mandate school.,Negative,0,3,Negative
"... If.. Not good news even for @MiIndiaSupport, already",Irrelevant,0,0,Irrelevant
@PlayApex I'm having issues with the game stuttering. Definitely got 2070 super i7 32 K dominator ram high-end motherboard dual m.2 drives. Anyone know why. Fully believe it's the PC.,Negative,0,3,Negative
"At the same time, despite the fact that there are currently some 100 million people living below the poverty line, most of them do not have access to health services and do not have access to health care, while most of them do not have access to health care.",Negative,0,1,Negative
or Finally PUBG is being unban of in Pakistan.. i Thank you everyone who put their efforts in ensuring this.. Great decision by ISB for High Court..,Positive,0,2,Positive
<unk>,Positive,1,4,Positive
the FF7 and Re3 are saved lol,Irrelevant,0,4,Irrelevant
We need a third for the Ranking right now!,Neutral,0,3,Neutral
just saw @PlayHearthstone walking down the street to enter the tram how bold for a card game to use public transit. It's so humbling to see.,Positive,0,0,Positive
I played this interesting quiz on Amazon - Try your luck for a chance to win exciting rewards amazon.in / game / share / g4G...,Neutral,0,4,Neutral
LETS FUCKING PEOPLE.,Irrelevant,0,0,Negative
@ EAMaddenNFL Please in this next update y'all tune the Eagles line down. They haven't been that way this season!!!! Don't enjoy the game when you can just put on a chew watch and run after 4 stars,Negative,0,2,Negative
"At the same time, despite the fact that there are currently some 100 million people living below the poverty line, most of them do not have access to health services and do not have access to health care, while most of them do not have access to health care.",Positive,0,1,Negative
There also an ongoing trend for African clubs disrespecting FIFA international calendar. Could it be why it's frequency towards the end of the calendar year is disturbing or its down from the corona Virus protocols. Every club is manadated following FIFA Statutes to release players.,Neutral,0,4,Negative
Project So RhandlerR say get a new PC. Even though I clicked my computer is lightening fast.. and I can have as many things open as I like ... windows 10 is a con. Fed up of companies being greedy! pic.twitter.com/dpXvC10TZr,Negative,0,2,Negative
"I'm in a terrible state of mind at the moment, but I have to say the event was brilliant. I'm super excited about what's going on with @ CallofDuty... Hopefully one day I'll be a part of what a thrill that was. pic.twitter.com / totuetHCye",Positive,0,2,Positive
feels weird to get a Victory in,Positive,0,0,Positive
the fucking google search at the top of this is sending me,Negative,0,3,Negative
The Turn 4 Battlefield game of yoshistyles has occurred SEE DETAILS: bf4db.com/player/ban/170...,Irrelevant,0,1,Irrelevant
"@NBA2K_MyTEAM D @NBA2K @2K I purchased that something from just you, and never received and your customer service says such its not their chief problem. Do or i need to immediately contact the better business bureau? This crap is ridiculous",Negative,0,3,Negative
"@Rainbow6Game @UbisoftSupport can you all plz fix this new game mode. The invisible/invincible glitch ruins the game. By all means be so good, but I can’t win anymore.",Negative,0,2,Negative
"Let's all agree to completely destroy the inevitable Facebook, Apple, and Google ads that come out and show people high fives and hugs as soon as it's over.",Negative,0,0,Negative
The Best Way for Protect the Sharp LCD Note10+ buff.ly/2zkjIhU..,Irrelevant,0,1,Irrelevant
this Bollo plant side here? i love aggressive overwatch along with twitter on it if its just mine to say,Positive,0,4,Positive
@ITalkFortnite Just bought Borderlands 3 from @EpicGames using your creator code! cant wait to see the skin!,Positive,0,0,Positive
I Can’t Wait Inside My Amazon Shipment.,Positive,0,4,Positive
Amazon has just launched with a helpful face mask store at dlvrit. like wordpress. et com / on 2020 / 07 / 28 / ama …,Neutral,0,3,Neutral
Games I fucking love right now... These Gears 5. Rainbow Power 6. No CS : GO. Overwatch,Positive,0,4,Positive
"Every time EA Play runs, I remember a great moment when I showed up alongside so many influential community members in The We Are Battlefield 1: Thank You for our community video. ea.com / games / battlefi...",Positive,0,2,Positive
The design and price of the Xbox Series S are reportedly revealed in a leaked video cnet.co / 3lVK9,Irrelevant,0,0,Irrelevant
Crazy kids with collateral damage for a QUAD IT/FURY WORLD...,Neutral,0,2,Neutral
Huntin critters in Red Dead Redemption 2 twitch.tv/jon_solo24  ,Neutral,0,1,Neutral
"Great casting for ""Lilit,"" the most anticipated film",Positive,0,3,Positive
"Oh, but we'll have a vaccine by election day... I'm sure it's pissing in Donald's KFC barrel today.",Irrelevant,0,3,Positive
"If Covid19 has shown us anything, it was that amid conversations about crime & corruption, there are many stories of health workers going below & beyond the call of duty. Vote for them as @AccountLabSA's",Irrelevant,0,1,Irrelevant
@InfinityWard @CallofDuty best 7 classes on cod change my mind! Bet you can’t! Best Modern Warfare Classes As Seen in Call Of Duty League youtu.be/Kfu-pmnVUs0,Positive,0,2,Positive
I love one man pic.twitter.com/IjOowLSVRt,Positive,0,0,Positive
What will he say? Them graphics will compete with F5. U see it. Shit getting real T,Positive,0,1,Positive
"@ Rainbow6Game @ Ubisoft Why do I keep getting problems with dogmatic sound. Just as drones don't emit sound, I don't hear enemy steps, enemy fire sounds like it's coming from one direction when it's another.",Negative,0,4,Negative
i One will never understand about continuing to trust freedom hating thieves at both @google and @YouTube institutions for revenue.,Negative,0,0,Negative
is shit lol,Negative,0,1,Negative
What a nice day outside!! Can’t wait to stay inside and play World of Warcraft,Positive,0,4,Positive
The worst character,Negative,0,3,Negative
RT @ richardturrin: Amazon and Goldman Sachs partner. Perfect BaaS strategy!. thegcial.com / 92681 / marcus-g.... @ BrettKing @ leimer _ b _ dc @ ixconn @ UrsBolt @ cgledhill @ rshevlin @ thepsironi @ karunk @ spirosmargaris @ jaypalter @ efipm.,Neutral,0,4,Neutral
A little awww am shucks to take with you into a week of work using his Microsoft and Office products while trying to tame the wild beasts hiding in your house.,Negative,0,0,Negative
Score streaks are the worst thing that can happen in Black Ops Cold War.,Negative,0,2,Negative
@ Rainbow6Game any tips on how to get black ice? Level 130 and still have none.,Negative,0,0,Negative
"I had a lot more time to play @ PlayVALORANT today and the more I play the game, the more convinced I am that this game is the next big thing. It does what CS: GO does wonderfully, but it also has its own voice in the genre. It's not just a clone of CS: GO and I like that.",Positive,0,3,Positive
"What ""Next Generation"" Will Play for a Damned FIFA",Negative,0,1,Negative
Battlefield 3 Remastered and a Rebooted Battlefield OMG that will be so cool one day,Positive,0,2,Positive
Microsoft opens data on the threat of the corona virus to the public cyberscoop.com / microsoft-coro...,Neutral,0,1,Neutral
Playing fifa with my girl.  She got her first goal against me and someone won’t shut out.,Neutral,0,3,Neutral
RhandlerR  great game you got 🤣.  joke fix it pic.twitter.com/NXdB0i8yE7,Negative,0,2,Negative
"/ / 2 is my fave but I did always love black flag as well. Though I haven't t played much of just them after that, and new one looks very decent tho",Positive,0,1,Positive
"TL; DR this game is no longer satisfied after the summer, not surprised that this game was a disaster.",Negative,0,1,Negative
@HomeDepot I have not received an refund for an appliance returned 4/1. I've attempted customer service twice but to being stuck there for 45+ min or talking to a contractor who can't help me. Please've also emailed but just got isolated cause email address wasn't monitored. Help!,Negative,0,4,Negative
@ Valentino Lunari looks cute:),Irrelevant,0,3,Irrelevant
"@CyberpunkGame I’m gonna be so heated if hacker by death grips isn’t on the soundtrack, IT SLAPS PERFECT",Neutral,0,4,Neutral
"Best run? ""2K20"" was the worst run of the entire franchise",Negative,0,4,Negative
@AppStore plz unban fortnite really love apple  Products like.  iPhones and iMac all 3 are great I have I iPhone 5s and I love it like oh love fortnite i bo not have a ps4 let a Xbox or a tablet I do have a iphone and I can not get fortnite plz unban it i beg you plz,Positive,0,0,Positive
Shared via Microsoft Edge: Blooming kid in full asshole mode bing.com / images / search?...,Neutral,0,3,Neutral
"Jaina art ended a few solid months ago and Jaina art now!! Referenced with her face somewhere from the Best Warbringers short short ( which is the best thing ever ).. The It's been one of those "" epic forget - to - eat - lunch - food cause - you're - stranded in - the - zone "" mornings [UNK]..",Irrelevant,0,4,Irrelevant
Absolutely hate of @Verizon,Negative,0,2,Negative
I am 100 % most people def gonna buy this fucking PS5 as very soon as it drops...,Positive,0,0,Positive
This would be hilarious.  Can’t wait to see the YouTube videos of which one is more disease proof,Irrelevant,0,0,Irrelevant
"3rd world?? This guy Is From  the stone age, and RhandlerR  players are  ""childish"" pic.twitter.com/PGMtmBy2De",Irrelevant,0,0,Irrelevant
"Not only does it proudly reveal half your enemies, but it's also all great for parties!",Positive,0,0,Positive
@ FINALLEVEL finally bought himself a copy of Borderlands 3.,Positive,0,2,Positive
The. BEST. UNIFORM..,Positive,0,4,Positive
@ GearboxOfficial @ Borderlands. Do I see this shit right? Please tell me I'm not.... I'm GETTING WHEN THE ROLFG CREDIT END?!. They're over and there were enemies everywhere! WHY IS THAT?!.,Negative,0,4,Negative
Loba More,Neutral,0,0,Neutral
"fuck yall 2k & fifa, bitch in playin orgeon trail",Negative,0,2,Negative
<unk>.,Positive,1,4,Positive
Playing FIFA is the best than going all play in water ass,Positive,0,1,Positive
2010 The Source Behind All The Xbox Series of X / R S Leaks Everything Has Art Now Ever Been Revealed press - at start. com. au / news / xbox / 2020 … https://t.co/GXyq3kEhIo ],Neutral,0,0,Neutral
Daily Brief Briefing..  Ernst & Johnson said it had temporarily paused its CL-19 ..  b. loom.ly/E1B5qoU https://t.co/A8MzbIFdjV],Neutral,0,3,Neutral
This news about the Nvidia 3000 series is the most exciting I've seen about gaming all year. pic.twitter.com / VqL4QfUKVA,Positive,0,1,Positive
Loved @GhostRecon.. Was bloody hyped for. Pre covered the ultimate edition. And platinum the game as soon where I could... and Do I mean tree Christmas?. This!!!. @Ubisoft 2],Negative,0,3,Negative
"Crazy part is that there are so many more Home Depots under the hood than Lowe's and Lowe's usually in better neighborhoods, they've fooled us all",Negative,0,1,Negative
YALL FR FR GOT NO CHILL . ,Irrelevant,0,3,Irrelevant
The Yeah I've m a casual pro @CSGO player. Ever since @TeamLiquid decided that no they just wanted a bad player just like @Stewie instead of me I just didn't have the drive to go all pro. I mean the bad guy can't even go win two majors. Absolute joke of a dirty player.,Irrelevant,0,0,Irrelevant
"While I ’ ve been playing this game for seven healthy years, I ’ m sick scared of it.",Negative,0,2,Negative
microsoft windows quality cuz i don't have a phone pic.twitter.com/VibE2ynQTA,Neutral,0,1,Neutral
"R Anyone who knows me knows that I hate pre-ordering games on Amazon because they make you wait all day before your package gets here and I’d rather go to GameStop early in the morning... That being said, I can’t leave my house, so I caved. pic.twitter.com/P5Yhv7o8E3",Negative,0,2,Negative
WTFFF is my strength of schedule 102. THEE highest in weekend league with a 88 Ovr team EA wtffff????? @EAMaddenNFL @EASPORTS_MUT,Negative,0,2,Negative
"CS Wake the fuck up guy, we have a city to burn. RhandlerR pic.twitter.com/gQT29hFJ49",Neutral,0,3,Neutral
Students: Here you have free access to lots of great Microsoft apps we can use when drawing from home. Several helpful videos can assist you in doing just that:  bit.ly/3bfalRM,Positive,0,4,Positive
@INTERRO Ik Fans probably dont care but can you please please help out console players and tweet @Rainbow6Game to do something about ddosers. Because believe us they are doing like nothing. Please inform us they don’t listen to a nobody save me. Which is honestly sad.,Negative,0,1,Negative
30 GB patch. Yet one more reason why this current “live service” trend is simply unsustainable,Negative,0,2,Negative
It was useless... Who is the Innovation Information Manager at That Facebook,Negative,0,1,Negative
MOTHER. F OF. T GOD.,Positive,0,0,Positive
if only the CQCs in PVP actually looked good . .  ,Neutral,0,2,Neutral
Definitely Walmart. Amazon will damn you with shipping.,Negative,0,0,Negative
. Microsoft Word now marks two spaces after a dot as an error - The Verge buff.ly / 3aBbXVg https: / / t.co / cLumLOLeye,Neutral,0,1,Neutral
heartstonetopress.com / decs / meta-bre... @ G2Thijs @ PlayHearthstone @ HSespone @ Hearthpwn @ tyood @ RYE _ Viper,Positive,0,4,Positive
"and Got Pred! Flew through plt 2 to dim 1 then we hit a massive wall. Every game became a struggle, kept dying to bs, nothing was going our way, I wanted to give up. Sucked it up and grinded it. Took 6 hrs to get pred from d1, thats how bad our games were. RhandlerR RhandlerR pic.twitter.com/kzwVtvQ0wL",Negative,0,3,Negative
Microsoft Teams Study Outage As Demand Surges Space.com/news/cloud/mic…,Neutral,0,0,Neutral
"if. you. can’t. build. in. fortnite... and anything. you. do. is. spam smg.. trash and hate builds... GET THE FUCK OUT OF my GAME,. pussy.",Irrelevant,0,2,Negative
With Yo RhandlerR can you fix shooting? pic.twitter.com/tkSJe2Zvor,Negative,0,4,Negative
Favorite MB pistol,Negative,0,0,Negative
I love these new @ GhostLifestyle cans!! Everyone else drinks ghost?....,Irrelevant,0,3,Positive
"oh, was it a video of Auntie? Not Facebook? Not YouTube? Why is it so important? Just say ""two kids found some corpses""",Irrelevant,0,1,Negative
"But After my 19 years, I think it's time to get rid of @sprint. Plus 2 hours spend on the phone trying to upgrade phones, some with almost 5 reps and can differ stories from each. I still really have nothing to show for it! @ATT and @Verizon 2 are looking pretty good right for now!!! @MikeSievert",Positive,0,4,Positive
on first,Neutral,0,3,Neutral
Lol @Facebook is keeping links to negative websites about,Neutral,0,1,Neutral
Police are becoming the villain in major car theft case,Negative,0,3,Negative
"Torgfest, Tower of the Damned Gameplay - IT'S SO GOOD - World of Warcraft: Shadowlands zonestream.cx / torgfest-tower......",Positive,0,1,Positive
<unk>,Positive,1,4,Positive
2010 Transvaginal connector mesh : 2011 Johnson & Johnson fined $ 13 344m for promoting deceptive condom marketing to women flip. it / FBc8R -,Neutral,0,4,Neutral
Botcentral.com - is the largest site where you can get a free hacking service,Irrelevant,0,1,Irrelevant
Changing to f2p in hearthstone going forward as I’m just truly not enjoying it currently. Going back on a break again . ,Negative,0,1,Negative
com RhandlerR this is not acceptable pic.twitter.com/CI0GzfA6XV,Negative,0,2,Negative
"""A recent finding from Oxfam results that 17 out in global top 25 corporations – including Verizon, Comcast, Facebook, Johnson & Johnson, Microsoft, Pfizer, Oracle, Verizon and Visa – are creating sustainable profits during potential pandemic""..",Positive,0,0,Positive
Friendly for Facebook Premium 4.4.07 Friendly App Studio APK Download postdaily.net/apk/apps/frien…,Irrelevant,0,0,Irrelevant
Another victory,Positive,0,0,Positive
I miss playing World of Warcraft with my guilds.,Positive,0,2,Positive
Johnson & Johnson to stop selling baby powder in US and Canada,Neutral,0,4,Neutral
I fell in love with this sniper segment! This mission is so cool. I tell you!. Hey guys.,Positive,0,3,Positive
Mac is trash... they make things difficult to use nvidia graphic cards. Everything after I update my Mac I have to switch over my cards,Neutral,0,4,Neutral
Johnson Son Son to continue selling talc baby food in U.S. and Canada j.mp/3e1YtDV (Reuters) report],Neutral,0,4,Neutral
WOW,Positive,0,1,Positive
A bit of GTA shit,Negative,0,0,Negative
"Too funny! The day after I installed my new @ verizon call filtering app, I get a robo call that came right through! Great app.",Positive,0,3,Positive
How do you give @ AaronRodgers12 a total of 89? @ EAMaddenNFL brings your shit together!,Negative,0,0,Negative
125 hrs - That is how many hours I have put in @assassinscreed Odyssey and just finished the main story!  What a good game! I am going to have to say that it is now my favorite of the AC games.  Well done @Ubisoft !! https://t.co/HdNl9JWE3T,Positive,0,3,Positive
"Dumbass tried to say on Facebook that law enforcement violence against minorities had nothing to do with racism, and then linked a Ben Sharpio video as part of her argument.",Neutral,0,1,Neutral
Clip that sentence.,Negative,0,1,Negative
<unk>,Irrelevant,1,4,Positive
Holy Hol,Negative,0,2,Negative
Students: Remember that you have free access to many great Microsoft applications that you can use when you're at home. These useful videos can help you do that: bit.ly / 3bfalRM,Positive,0,1,Positive
"Hi everyone, I am currently at a game design school, I love level design and battlefield. I am currently working on a level for Battlefield V, based on the Battle of Stalingrad. My intention for this level: melee.",Positive,0,2,Positive
"@ Rainbow6Game I try to play with friends but our games keep saying the servers are down, what's going on?",Negative,0,1,Negative
Another satisfied dm customer @ hana42615155 $10 -$ 100.,Irrelevant,0,3,Irrelevant
It is not the first time that the EU Commission has taken such a step.,Positive,0,4,Positive
"I don't really care though what anyone says, in the only first expansion last year Lackeys made Hearthstone feel a worse game and though its still suffering from it. The first expansion this year Demon of Hunter has made Hearthstone a worse game because even after making 10 nerfs, cant they wait for our next years first expansion.",Negative,0,1,Negative
@Rainbow6Game y’all should make this cross play via Xbox and ps4 only.. pc players are too good,Negative,0,0,Negative
i'm thinking you quit fortnite.,Negative,0,2,Negative
"Magazine They announce a new music artist for Saturday’s concert: American pianist, Anna Elezi!.. Saturday 16th 3pm London (BST) ‘Kings & Men - Live with arias from classical music’s royal family... About: youtube.com/watch?v=SaNPib.... Facebook: facebook.com/jezziii/videos... []",Neutral,0,2,Neutral
"BREAKING: Gameplay of the rumored ""Call of Duty: Black Ops: Cold War"" has leaked!. . tracker.gg/black-ops-4/ar… https://t.co/G859yIDnm0",Neutral,0,4,Neutral
"That’s not how it be, so wait till the “PS5 slim”",Negative,0,2,Negative
"B Hey RhandlerR, RhandlerR & RhandlerR - Am I going to be able to play for more than five minutes at any point today? Every single time I start playing I get kicked out... What gives? .  pic.twitter.com/yADhnw5inx",Negative,0,2,Negative
Why did no one think of this acronym for BLM (Matter Lives Matter) @ Microsoft pls fix this problem and give us built-in batteries like @ Sony has for its controllers hell!,Negative,0,2,Negative
"Well, if they succeed, I will be very impressed with the writers.",Irrelevant,0,4,Irrelevant
2 The best thing only I could ’ ve done for my,Negative,0,3,Negative
Shit's about to get real!! and..... splodey!!,Irrelevant,0,1,Irrelevant
God will stop Snow fall.. As it is sign of racism... Cow will not give white milk.. . ,Irrelevant,0,4,Negative
Rubick Timber Chain Bug should be added intentionally redd.it / ibkerw,Negative,0,3,Negative
K I like this skin,Positive,0,0,Negative
Child Care Help Find This Little Family to Mulch Under....g.theanimalrescuesite.greatergood.com/im-home-depot-...,Neutral,0,2,Neutral
Fucking HATE LEAGUE OF LEGENDS,Negative,0,2,Negative
Ghost of tsushima is a better assassins creed game than modern assassins game,Negative,0,2,Negative
Pushing to lvl 100 tonight!!!  ,Positive,0,3,Positive
Battlefield ™ V - Not Doing This Again!!! - Stationary Streak youtu.be / UiYA4t5HqZc via @ YouTube,Negative,0,2,Negative
Sony Why the RhandlerR web site's error page fails to display the image 'oops'. Oops indeed. pic.twitter.com/XIlCP0xjF5,Negative,0,3,Negative
OMG OMG [UNK] I just Pre - Ordered for an ( The Xbox series on X ) I was suprised by it I was easy and to order cool nice going,Positive,0,4,Positive
"server is down, pls fix @DOTA2",Negative,0,2,Negative
or RhandlerR RhandlerR RhandlerR  Emily enjoyed making posh sausage rolls today in a live class with the bonkers cookery school on Facebook- .  pic.twitter.com/GLsad3ocEU,Irrelevant,0,2,Negative
It's like saying that people who got the iPhone 8 should be upset when the iPhone SE came on the market.,Positive,0,0,Positive
@ Ron2K @ N2K can I get my 100k please how did I pay all this money for this game and it still has the same problems as nba 2k20 and I don't have what I paid for yet!! My Myplayer sucks up the cubes I refuse to pay more money and didn't get what I paid for first!!,Negative,0,2,Negative
i was gonna watch ep7 with my sister but she's playing f*cking league of legends and now i've had wait till tomorrow to watch this … a disgrace,Positive,0,2,Positive
Thx @Verizon angels — hang around,Positive,0,1,Positive
Always play Xbox but starting on the PC now! Anger and rage with some okish play. Please subscrube and show some love. . . twitch.tv/the_angry_wels…. youtube.com/channel/UCxY89…. .  ,Neutral,0,0,Neutral
I NEVER played an Assassin's Creed game... but,Positive,0,1,Positive
@PlayApex died to a level 500 today... shows how bad apex has declined since earlier,Negative,0,3,Negative
when you switch stuff to franklin in gta : you ain'to t gotta like but the damn hood gone up love it,Neutral,0,3,Negative
Welp there it is no Ps5 for me damn Fuck u @Walmart All your Fucking fault for dropping it earlier Fucking shit ass fucking crack head ass company fuck you,Positive,0,0,Negative
"Good on them. This stuff all based on earnings from last quarter. Let's see how can they do with the next, with the hiccup in supply chains coming.",Irrelevant,0,1,Irrelevant
Who runs Borderlands 3 on xbox that game is so dope I'm tryna run squad man,Positive,0,2,Positive
this ones gonna you for a while bois.,Irrelevant,0,0,Irrelevant
"I feel like I'm really the only person who would like this live-action movie from a few years ago. Looking at the Witcher series, it could be great.",Irrelevant,0,3,Irrelevant
"@ Ubisoft So when you say you fixed the parachutes on GR Breakpoint, I assume you mean ""We have basically done nothing - this patch is just for shits and giggles."" Slow clap...",Negative,0,1,Negative
Bro... this controller finna goes through the tv! @ EAMaddenNFL WTF IS THIS!!!,Negative,0,3,Negative
All these cool Nvidia things and I can't use any of them cause I don't have an RTX card . ,Positive,0,4,Positive
"I have to say for every moment of fun I have in Breakpoint, one serves of at least eight moments to frustration. It really knows how to get between certain nerves...",Positive,0,3,Positive
Happy Sunday,Positive,0,2,Positive
This skin cannot travel well... @LocalPolarBear,Negative,0,3,Negative
"@ CallofDuty is ass, please fix your damn game. Why does my weapon turn into a sea urchin made of polygons?",Negative,0,1,Negative
y'all gotta stop reporting on this shit as if it means anything lmao,Negative,0,2,Negative
"I see people trashing on Highway 222 in Overwatch and more i am like, DO you remember how BAD old overwatch was?. 3 Do you not you remember about the days of goats, his 4 dps 1 tank 1 modern healer, the days that one tricks rolled a real team solo?. 4 People have forgotten about how bad Old overwatch comp / qp really was.",Negative,0,0,Negative
friendship ended with mibr. now furia one is my second best friend,Irrelevant,0,1,Irrelevant
I haven't played Overwatch for a day and my goal is shit.,Neutral,0,1,Positive
NVIDIA celebrates 40 years of Pac-Man with an AI recreation: bit.ly/3c3FrLX https://t.co/OVSP8cVcHv,Neutral,0,1,Neutral
"The Huge sales gains for Microsoft Teams, Slack as senior workers and stay home hoping to fully avoid coronavirus digitaltrends. com / computing / via micr … via @DigitalTrends",Positive,0,4,Positive
@Rainbow6Game please Ubi rempve the fucking duplicates from the fucking alpha packs. Makes no sense to get duplicates,Negative,0,4,Negative
This call of duty is so broken! Like you play on 100 PING none stop on warzone! Dead! Never get online on it! It's fucking awesome!,Negative,0,4,Negative
Ummm Wth.....,Negative,0,2,Negative
Can I just say I ’ m happy about this? I own up the game completely already and but before it had IMO the very best No Zombies mode in a particularly long time with such a great cast.,Positive,0,2,Positive
Why why do people keep repeatedly asking the general public when we will be allowed to... do things again?? Nobody else knows and it just allows know it all Facebook morons to constantly share their unwanted opinions. just fucking Just wait longer for more the updates,Neutral,0,2,Negative
""" Basically, seeing the quarter once reported and the last quarter now as expected... are both terrific, in to my humble opinion. "" Stephen Guilfoyle talks Nvidia's various business lines, adding the numbers, the outlook, plus the $ NVDA chart, and trading the name.",Positive,0,0,Positive
Fuck imba this demon hunter,Negative,0,2,Negative
the world is 2077 now and we still not getting cyberpunk 2077,Negative,0,4,Negative
Call of Duty: Modern Warfare and the Problem with its Child Soldier Level - newsychronicles.com /? p = 3309 & utm _ so...,Neutral,0,2,Neutral
fuck you a ps5 i ll just want YOU bbyg,Positive,0,2,Positive
The perfect hiding spot  ,Positive,0,3,Positive
I played this interesting quiz on Amazon - Try your luck for a chance to win exciting rewards amazon.in/game/share/gFQ…,Neutral,0,4,Neutral
"but.... the new nvidia 3000 series gpus are also looking appealing. a 3070 has better performance than the 2080 for  half the price... that's crazy. I'm struggling between saving up for a 3070 or saving up for a ps5..... 8:14 PM · Sep 16, 2020·T",Neutral,0,3,Neutral
"I hated packing this one here, but at least it sold out and arrived safely.. lol...",Positive,0,3,Positive
I just recently earned all the [ a Horrific Vision of Orgimmar ] Achievement!,Neutral,0,0,Neutral
I won a Tea Time achievement in Call of Duty: Modern Warfare for my TrueAchievement >>> trueachievements.com/gamer/Kenny+Ro…,Neutral,0,3,Neutral
Johnson & Johnson Covid-19 vaccine trial suspended due to illness: report fxfreews / 3lGHP0E,Neutral,0,3,Neutral
Really great for this squad.,Irrelevant,0,0,Irrelevant
Some also kills @PlayApex_Clips,Neutral,0,4,Neutral
"On the other hand, this Soldier 76 Figma that came out is one of the coolest Overwatch Figma! pic.watch / MTJeGXs7wj",Irrelevant,0,3,Irrelevant
@NBA2K delete ur shit game it is so bad that I’m becoming gay I swear to god if you don’t fix this I will butt rape Ronnie 2k you gay ass faggots,Negative,0,3,Negative
I currently do google top ranking high quality SEO viz. fiverr.com/share/NWeWvp..,Positive,0,2,Positive
Thank the Lord!!!!,Positive,0,0,Positive
"that's it. I don't care what u say, I'm the best cs-go player EVER. here's a clip of me dyeing pic.twitter.com/Z0jXT6OTyx",Irrelevant,0,2,Irrelevant
The. Best. Link. redd.it/gc4gm3,Positive,0,1,Positive
Score Streaks they are the worst thing to happen even in Black Square Ops Cold War.,Negative,0,2,Negative
hella good options and i loved all of these games but I gotta go with GTA 4 pic.twitter.com/DCuTj9qa8O,Positive,0,2,Positive
in @NBA2K your game is mud,Negative,0,2,Negative
I just purchased this Don'Don t Everyone Call Me Marky Mark : The Unauthorized Biography Album of Mark Matthew Wahlberg amazon. dot com / Dont - Not Call - Mark in … via@amazon,Neutral,0,3,Neutral
"I said I wouldn’t get a ps5 but fucking hell GT7 seems like its GT4: 2 (which has a good thing, a really good thing), and the new G-Man looks how it’ll be pretty good, and ratchet & clank’s trailer is amazing with all the love they showed onscreen. Fucking hell is tough",Neutral,0,4,Positive
Mohamed Salah is always the best It's exceptional . ,Irrelevant,0,3,Irrelevant
Borderlands 3 is Amazing: tch.tv / nightshade1245 _,Positive,0,3,Positive
... All I do can say is a thank god its Friday! too Another nasty big weekend ahead for the channel. Gonna be a good 1 million folks. Drinking beer and playing Overwatch Wii will be the trend this weekend..,Positive,0,3,Positive
And the reason I’m not playing rivals is they send me nasty messages after beating me . ,Irrelevant,0,0,Irrelevant
No skull and bones no beyond good & evil 2... shit was no dog far cry and assassins creed really take it form being a shit show,Positive,0,1,Positive
"JRPSC is a hub of MOD FOR'S, from PUBG at UC to free credit accounts, everything its looking at free. Do take a link to this Amazing website. jrpsc.org",Irrelevant,0,1,Irrelevant
Go check out this amazing. @ MixerRetweet @ streamers _ small,Neutral,0,3,Neutral
Yasss! I'm so grateful for this!! Tonight folks! 7:30 BST! Come chill out!!!.. twitter.tv/arialthesiren,Irrelevant,0,3,Irrelevant
"If GTA 6 is anywhere near the ideal quality and scale of RDR2, we then don ’ aren t expect it for a short while longer yet.",Negative,0,1,Negative
Love Fantasy & Crime?,Neutral,0,4,Neutral
"It’s you good one, folks.",Positive,0,3,Positive
"At the same time, despite the fact that there are currently some 100 million people living below the poverty line, most of them do not have access to health services and do not have access to health care, while most of them do not have access to health care.",Irrelevant,0,1,Negative
"I turning off the lights in my apartment, and this post started glowing and... What does this mean?",Irrelevant,0,2,Negative
"if you only think Snipers were ruining the beta, or perhaps even someone overpowered them at them all, sell your new equipment, deactivate your account, delete all any FPS ever made, hop free on Minecraft Mobile, and never can play a first person shooter character ever again",Positive,0,3,Positive
Superintendent Dr. Bill Nolte says about 430 classrooms were reopened Monday after a ransomware attack in the school district. (bit.ly / 31IKLT5),Neutral,0,1,Neutral
the ban from PS 4 as ItzAwwZy has occurred SEE NOT: bf4db.com/player/ban/117...,Irrelevant,0,4,Irrelevant
"if we’re just going to wait for the vaccine, then it will take us forever to recover from this. stupid fcking govt",Irrelevant,0,0,Irrelevant
"@ thekatiewilson I had so much fun playing Overwatch on the Switch with you!! Good that you posted about it on IG, otherwise I wouldn't have known! We also won every game we played together, which is incredible!. pic.twitter.com / 2Po5bkrbgC",Positive,0,1,Positive
com It feels good to be back! I’m playing some Call of Duty tonight so I can get FiNN! Come hangout .  twitch.tv/thekillerpigle…,Positive,0,3,Positive
"Really good in - depth online video, highly a recommend.",Irrelevant,0,4,Irrelevant
Say goodbye to your 825 GB on PS5. It’s all just go gone after this,Negative,0,2,Negative
This is false news sorry God [UNK] me please.,Positive,1,4,Positive
PlayStation 5 release date leaked dr.it / RgggBp,Neutral,0,3,Neutral
"I tried to make Assassin's Creed suits, but to no avail, except for these two.",Irrelevant,0,0,Positive
@PlayApex my game would not connect to the server.. it says it cant content to my admin account? C in brackets [code100] (translated u Polish),Negative,0,4,Negative
Seriously whoever decided to create the Rain or Glory Shine game campaign mode for Battlefield V are fucking idiots! Why get rid itself of a fun summer game mode in favour entirely of rainy and snowy weather weather? Seriously hell fuck for you!..,Positive,0,2,Positive
to @NBA2K why does opening the NBA store still not work?,Negative,0,3,Negative
That's literally dumb from a company worth billions to be petty because another company wants their share of your game on the App Store.,Negative,0,2,Negative
"If only it was that simple, if you read the comments most customers are complaining about how shady they are with information. Its tacky and disgusting to see especially when nothing fully good has came out. Wait dont mind waiting, just let us know before we get our Hope's up",Negative,0,0,Negative
for The new cod is.. actually some really fun.,Positive,0,1,Positive
Yeet fails  ,Irrelevant,0,3,Irrelevant
"the implication that seraphin has witnessed how superm and thus superm are officially part of the League of Legends traditions, I can't do that until 2020, would make something as absurd as fucking jopping it into the carefully constructed lorry of a billion-dollar game",Negative,0,0,Negative
"Another great day to be a Gears YAY TEAM fan!.. ""Between Tactics and the excellent Gears 5 last year, it seems the franchise is firing on all cylinders again.""",Irrelevant,0,4,Irrelevant
4 More local Borderlands 3. Such a great weekend.,Positive,0,3,Positive
Another important reason for @NBA2K sucks like why are guys yall forcing people to play small ball?,Negative,0,3,Negative
Our $5 million donation to @ NoKidHungry will help millions of vulnerable children as schools close.,Irrelevant,0,0,Irrelevant
"0 Officially moved my Warcraft main from Alliance to Horde, lost about a foot in height but gained glowing skin. I did get very emotional logging off in Stormwind tho, I've been Alliance for 6 years and they're still my forever faction, but I want to play with my friends so 🤷‍.  pic.twitter.com/KM62wvADzH",Neutral,0,0,Neutral
LOVING THE CALL OF DUTY: BLACK OPS COLD WAR BETA!!. . MAX RANK FOR TODAY!!!.  pic.twitter.com/RDEn8JHSJR,Positive,0,2,Positive
They mfs fabricate allegations i hates Verizon.,Negative,0,0,Negative
Great discord ran by great people who really do create a great environment - so important in the world of Fifa toxicity!,Negative,0,4,Negative
World of Warcraft on Steam celebrates Nights and the Great Gold Rush,Neutral,0,4,Neutral
"Mad, I didn't even have the opportunity to order 5",Positive,0,0,Positive
Johnson & Little Johnson Halts COVID - 19 Vaccine Assault Trial After The Mystery Illness,Neutral,0,3,Neutral
He RhandlerR RhandlerR how am I supposed to win games when stuff like this happens? pic.twitter.com/eOCtS5mKYL,Negative,0,2,Negative
"Xbox Series X Have Been A Lie"" Top Developer Speaks Out On Insane Next Gen... dream.be/vxHzaryQzj8",Neutral,0,2,Neutral
All of a sudden GTA V isn’t fun anymore … I literally real life now,Negative,0,3,Negative
>> Timothy Jones. >> So small of heart. How dumb of ass... [,Neutral,0,3,Neutral
As one of the few actual next gen exclusives this looks really nice. Even if it’s not good PC. 2016. 13 Minutes Of The 4K Xbox Series X Scorn Gameplay ab.be/6grwdMemV1o via @YouTube,Positive,0,0,Positive
This is the first good time I'm even watching a csgo tournament and I love watching it is,Irrelevant,0,3,Irrelevant
Poker on Screen: Red Dead Redemption (2010) calvinayre.com/2020/09/17/pok…,Neutral,0,1,Neutral
"PUBG MOE, MOK, Athena, Gaming, Dynamo, Best GamePlay. youtube.com / watch? v = xUCCst...",Positive,0,3,Positive
"I thought stupid Google told its people to work from home... and You know, @Google never even fully gave me a courtesy cell call for applying to multiple government roles, so but then I would guess they thought selling this fella was a good "" culture fit. """,Negative,0,0,Negative
@NBA2K <unk> these shot meters annoying,Negative,1,1,Negative
Wouldn't it be nice 🥰.  @PatrickCryer1  ,Irrelevant,0,3,Positive
Apple iPhone 7 Plus a1661 32GB Jet Black Verizon Very Good Condition (Unlocked),Neutral,0,2,Neutral
I reacted more to the,Irrelevant,0,3,Irrelevant
Welcome to fortnite 2.0 @ PlayApex you guys literally don't fix the game and just keep adding shit @ EA and @ Respawn are absolute rubbish,Negative,0,2,Negative
I guess Hearthstone loves me. @ PlayHearthstone pic.fm / XYE9iC0qui,Positive,0,0,Positive
Fire all the creators and editors of @EAMaddenNFL. 0 effort or improving that years lore. It’s a $70 roster update. Absolutely pathetic.,Negative,0,1,Negative
they are all wrong so big as Minecraft exists,Negative,0,3,Negative
"Global Multiple Myeloma Drugs Market The Trends That Need Will Drive Active Success in People 2020 | Amgen, Mark Johnson & Robert Johnson, 2000 Celgene. pharmiweb. com / press - release / 2017 ….",Neutral,0,0,Neutral
Another cool weapon concept for Assassins Creed movie that I’d helped design. Damn this was a fun film to work on.,Positive,0,4,Positive
"This is hands down the biggest murloc board I've ever made, and I didn't see a single Gentle Megasaur. The whole top four of the lobby were murlocs, but no one got a Megasaur and I stole all their Branns!  ",Neutral,0,0,Neutral
gta and 5 rp is trash no one wanted to help find me.,Negative,0,2,Negative
This hurts my faith,Negative,0,3,Negative
"It hurts my heart, but I know it's for the better",Positive,0,3,Positive
Hello YEAH,Negative,0,4,Negative
They receive my ideas and the.. @PlayApex_Clips @ApexStreamTeam @Apex_Tracker G,Neutral,0,1,Neutral
<unk>,Positive,1,4,Positive
"Funny how this problem is not BIG during this pandemic. Actually, it just says that T-Mobile is affected, but I am a Verizon customer and can't even call...",Negative,0,0,Negative
pubg with taehyung... i hate that game,Negative,0,2,Negative
Global game! You show love to all the,Positive,0,0,Positive
in Malphite Shard Art of War the Monolith is more always a good hard pick... Attack :.. Physical Defense :.. In Magic :.. Difficulty :...,Positive,0,0,Positive
"It looks very good, except for two little things: 1. When players come down from the jump, they just sit.. 2. Dribbling in the introduction (it's also in the gameplay) is really unrealistic.",Positive,0,4,Positive
A great way to start my first game of the day.,Positive,0,4,Positive
Corona virus and A&J is doing the same thing....killing old people,Negative,0,0,Negative
Going to Home Economics these days is fucking torture. When you got shit shit do and everyone is like I got that stim money!!!,Negative,0,3,Negative
Is he not allowed here to... play games after training you weirdo,Irrelevant,0,2,Negative
Looks like a good arena deck so far XD,Positive,0,1,Positive
@GhostRecon my game is not launching at all black out the screen up than close itself all on pc,Negative,0,2,Negative
"For the love of Uncle Ben, please tell me I do not have to buy the entire game again . .",Irrelevant,0,4,Irrelevant
Wtf?  ,Neutral,0,3,Neutral
"This is one of craziest movie feature for @nvidia BROADCAST.. Good for point view id but you dont need a fancy photo camera crew anymore. If you are on budget and only can an affort a good low for price picture camera, you still can get high qualoty tracking and some good background features. Amazing job by @NVIDIAGeForce",Positive,0,2,Positive
"In 1982, Johnson & Johnson's Extra Strength Tylenol was recalled because seven people had died after taking it.  ",Negative,0,3,Negative
This pad no so good,Irrelevant,0,4,Irrelevant
Yo lowkey I feel guilty amazon where always charging me extra amounts for shit I didnt buy,Negative,0,0,Negative
"this dude is trying to corral the market on Esports Casting. But he's an evil cool guy, so go have a look at him",Irrelevant,0,0,Irrelevant
GTA Online Best Vehicle Discounts (17th September 2020) - GTA 5 Weekly C... youtu.be/-7FxZ2XzbRI,Neutral,0,0,Neutral
Cyberpunk 2077 For PlayStation 5 or Xbox Series 3 Won't Bring $10 Extra dlvr.it/Rg7hfV https://t.co/Y9mMVRypGF],Neutral,0,0,Neutral
<unk> or @RainbowSixDE or is this no joke?. image link (imgur.com/a/OlTN5d3) and],Negative,1,1,Negative
Nice gaming pc I like it I hope I win this   CUSTOM GAMING DESKTOP GIVEAWAY! Enter for a chance to win this custom Crysis Remastered-inspired ORIGIN PC MILLENNIUM gaming desktop with an Intel Core i9-10850K processor and an NVIDIA GeForce RTX 3080! . .  ,Neutral,0,4,Neutral
writing is not even right. Dragon Druid. youtu.be/vRnEvnLcov8,Negative,0,2,Negative
"It takes a while, but it's great to see @ nvidia's RTX real-time ray tracing technology reaching even more mainstream games.",Positive,0,3,Positive
omfg I used to play pretty shit 24/7.,Positive,0,3,Positive
"Hahahah when you're battering boys on fifa and they keep pausing it after you had to wait 30 seconds. I've got all night, now only wasting your own time.",Irrelevant,0,4,Negative
2017 Amazon launches its Counterfeit Counter Crimes Control Unit database to fight knockoffs on its store.. READ MORE : blog. org iammarketingmedia.... com / information amazon - launche …..,Neutral,0,1,Neutral
Perfect Hearthstone BG run youtu.be / cVPcw via @ YouTube,Positive,0,4,Positive
I'm Managing Editor.I've gotten proof from Google Schema Experts.. mail us: For.gl/Dh7Ck1.................,Neutral,0,4,Neutral
I like it pic.twitter.com / cRuuFfv2ti,Positive,0,3,Positive
how does my stained glass facebook account already have 200 likes!!!! i am so!??? grateful!??!?!,Neutral,0,1,Neutral
Playing Battlefield One at the moment because it's an absolutely brilliant game.,Neutral,0,2,Positive
"Well, we have 600 followers, thanks guys!",Positive,0,3,Positive
Hell na dumbass because wtf,Negative,0,4,Negative
Facebook BOYCOTT: Major petition for MORE complete music censorship - TheBlaze by.com/glenn-radio/fa...,Negative,0,2,Negative
Xbox Series X Specs Revealed: Microsoft promises Series X will be 8 times more powerful than the original Xbox One 🤯. . polygon.com/2020/2/24/2115…,Neutral,0,1,Neutral
In just one hour come to us play in Rochester against @BattleFABC!! We're going to make sure it's fun to watch! Thursday. 7pm EST.,Neutral,0,3,Neutral
Blatant Warcraft ripoff goes offline after Blizzard sues pcg.com / blatant-b...,Neutral,0,4,Neutral
"Save $500 buying the AERO 15 OLED - Award winning design, stunning 4K OLED panel, color accurate right out of the scratch, Snapdragon i7 core and Nvidia GTX GPU. This is one sweet work<unk> home, play anywhere laptop! buff.ly/3kd6oRQ",Neutral,0,0,Neutral
I just earned that [Glory & the Uldir Raider] Achievement!,Neutral,0,0,Neutral
Just leapt over Microsoft Express - it used to be a particularly sad idea to reward you for using MS Edge and Bing,Negative,0,2,Negative
just a quick shout out to anyone who is interested in a battlefield3 stream twitch.tv/ventiii_tv  ,Irrelevant,0,2,Irrelevant
Hard fought indeed .  ,Neutral,0,2,Neutral
"Stop the damage limitation, you know damn well you'd tweet one tweet after another against the Xbox if they did an event largely dedicated to the Xbox One console.",Irrelevant,0,0,Irrelevant
I’m liking this new update for  ,Positive,0,1,Positive
ГЕТ ОВЕР!!!!!!!!!!!!!!!!!!!!!!!!!!!!!!!!!!!!!!!!!!!!!!!!!!!!!!!!!!!!!!!!!!!!!!!!!!!!!!!!!!!!!!!!!!!!!!!!!!!!!!!!!!!!!!!!!!!!!!!!!!!!!!!!!!!!!!!!!,Neutral,0,0,Neutral
A fiver looks like someone has stuck it in the microwave for too long,Negative,0,3,Negative
"This is a hoax, I'm sorry.",Positive,0,3,Negative
"fuck yall 2k & fifa, no im playin orgeon trail",Negative,0,2,Negative
Wow<unk>,Irrelevant,0,2,Irrelevant
Shout out to @DLloydTV for taking the W over me in first UK NBA2K tourney! Great guy and a whale of a @NBA2K player!,Irrelevant,0,3,Irrelevant
"""Great experience from the beginning,"" Allison says on Google, via @ Birdeye _ birdeye.com / the-seal-law...",Neutral,0,2,Neutral
Last view of us 2 2 [UNK] Red and Dead Redemption Online 2.. Very flawed games with 10 / 10 reviews,Negative,1,4,Negative
"""git gud 5head"" sniper community, probably",Irrelevant,0,3,Irrelevant
"@verizon and I'm having lots of trouble in gaining easy access according to the past bills. 13 If I don't find almost what I need, then I'm really going to give aat a try. Can some way help reach me?",Negative,0,4,Negative
No More Monday Blues!. Festivaltch.tv / thanatos96. S / O to @ GloriousB0WSER thank you again!....,Neutral,0,2,Neutral
"Gamers are very upset that you can play a Viking woman in a new movie, and Ubisoft said ""die crazy""",Negative,0,1,Negative
Looks like we'll all switch to AMD GPUs this fall because Nvidia can't produce more than 13 3080 for North America,Negative,0,0,Negative
It ’ s now been just over 18 years together since I was a beta tester on Xbox Live. It ’ in s been amazing to watch online gaming industry grow in that time along closely with having the innovation Windows Live has brought to the industry... Great internet memories and looking forward to many to more from next - gen..,Irrelevant,0,0,Irrelevant
Happy 44th Anniversary to Hip Car Hop! If even you love music sounds like we do head over anytime to google and take a lesson free from @FABNEWYORK on knowing how exciting to become a DJ...,Positive,0,0,Positive
GTA ONLINE.. @ PrawnPodcast on my headphones... Totally relaxed!,Positive,0,0,Positive
I can't believe how we just casually saw a new console design together and got certain price / release details on the whole same time day! Stop spoiling me Microsoft..,Positive,0,4,Positive
MY BOY KUPP<unk> GOT HIS H,Positive,0,3,Positive
"Obviously my dudes are much better in VR than in reality. Fantastic. Forget a championship, just win 35 games, is that THAT much to sacrifice?",Negative,0,1,Negative
@ xbox,Negative,0,0,Negative
Scientology!!!. 🤣. 🤦. ‍. . .. .. .. .. ..  ,Irrelevant,0,1,Irrelevant
"RhandlerR RhandlerR . Guys, this is unacceptable.  This folder is where the Microsoft Store keeps backups of application data it stores whenever PSO2 updates.. . 115 GB of wasted space which then becomes a burden when the game eventually corrupts its own installation pic.twitter.com/bswndUNgbn",Negative,0,3,Negative
THE JOHNSON & A JOHNSON ARE IN INVESTORS IN THE AS BIO LAB OUTSIDE WUHAN... JUST LIKE SOROS... WAKE UP if YOU ARE BEING HERDED LIKE CATTLE INTO VACCINES because WE DONT AN NEED. Because THEY IS DO MORE IF HARM THAN GOOD.,Negative,0,0,Negative
@ NBA @ NHL @ MLB @ NFL. So on all video game covers have stated players of different races. @ EASPORTS @ acclaimmag. Thank you!. Only one did not!. @ NBA2K is racist!.,Negative,0,4,Negative
Tencent is still clearly the still actual only story here lol. Did trump just ban League of Three Legends?,Neutral,0,3,Neutral
Well.... what a fucking surprise. 468 hours on Overwatch. pic.twitter.com/IyX6DlH2C9,Positive,0,3,Positive
LEGO D Rotterdam Cathedral Ruins from,Negative,0,0,Negative
"I finally got the flour I love for bread. 4 stores are nowhere. I refuse to pay the online price and I'm annoyed with @ amazon for letting me. I've been a member of PwC for years, but I think I'm fine.",Negative,0,4,Negative
"Looks amazing, I think it will have a similar gameplay / feel to MW, but finally another Black Ops in modern wartime, very promising",Positive,0,4,Positive
Whos ready for some zombie royale warzone stream tonight? @GamerRetweets @CallofDuty  . @Pureyo head over to twitch.tv/JustGLN give us a follow and turn notifications on to not miss out on the fun  ,Neutral,0,3,Neutral
I genuinely love it from the bottom of my heart.,Positive,0,4,Positive
Verizon told US drop ‘most powerful 5G’ claim fiercewireless.com/operators/veri…,Neutral,0,4,Neutral
Too true.,Irrelevant,0,3,Irrelevant
and i cant even get into lvl 1 hour pass. life is precious.,Negative,0,0,Negative
"Red Dead Redemption 2 is the best game that has ever existed, not because I'm a star, but because of the beauty of the game.",Positive,0,1,Negative
"No, of course not  ",Negative,0,4,Negative
"My friend spent a few hours today teaching me how to play Fife. He explained everything to me, even what I already know, but I sat there and let him because he was so excited to teach me.",Positive,0,0,Positive
awww yes baby   ,Positive,0,0,Positive
omfg that's why i can't get any calls.....,Negative,0,2,Negative
URF is NOT Fun after All | League of Cups youtu.be/2oudiErJE_A via @YouTube,Negative,0,4,Negative
Hey @verizonfios @verizon You @VerizonSupport. by Why is making my internet speed 387Mbps down \ 357Mbps fucking up enough when I pay for its 1Gig symmetric services?.. at speedtest. net / end result / page c / db64a... …,Negative,0,4,Negative
Tried Open for the first time in ages oh holy fuck the amount of hackers in that game... Last time I tried was like a few days before everyone had F2P,Negative,0,3,Negative
FIFA 20 France gamer banned for future by EA in row over ‘abusive... threatening messages’ | Goal.com site.blogdady.com/fifa-20-profes…,Irrelevant,0,4,Irrelevant
"Amazing<unk> the mainstream media tries do ‘normalise’ muslim criminals and terrorists. @BDUTT promoted Burhan Wani on a facebook hack, son of a teacher. @washingtonpost made Baghdadi an austere scholar. The Print paints us as an elegant actor.",Irrelevant,0,3,Irrelevant
". @SkaarHS is a chill, easy - going, humble restaurant and relatively pleasant",Neutral,0,0,Neutral
Wanna love another epic.,Negative,0,4,Negative
"Thank you for listening @InfinityWard Finally can ""wear"" it with pride... .   ",Neutral,0,2,Positive
"@VerizonSupport BEWARE & WARNING in time of crisis Verizon throttles the 55 and over plan to as low as not even being able to load a web page, regardless of asking for reprieve.. ",Negative,0,3,Negative
@GhostRecon kicked themselves of the game every ten meters or so were both me and my friend so annoying,Negative,0,1,Negative
@Blizzard_Ent to help me change my Smart phone no 10 and remove authenticator.... So is annoying she cannot even do anything... I I NEED TO a FUCKING PLAY WARCRAFT III REFORGE AND GOD DAMN AT IT!!!!!!!!!!!!!!!,Negative,0,1,Negative
I need open a computer so badly. Im really sick out of playing @FortniteGame on my,Irrelevant,0,2,Positive
Red Dead Redemption 2 on a mission: Red Dead Redemption. pic.twitter.com / 52O0WGGdUw,Neutral,0,1,Neutral
Just sat down to play some guitar..,Positive,0,1,Positive
"the $2,300 Tuff Shed Sold at the Bear Valley Home Depot!!!  Great work!! RhandlerR RhandlerR RhandlerR RhandlerR pic.twitter.com/PCZKaUVpNf",Positive,0,3,Positive
The precious sweetest of sweet threads.,Positive,0,2,Positive
I was looking forward expecting that PS5 launch June 4th but now they delayed that.,Positive,0,4,Positive
Home Depot gets me …,Positive,0,3,Positive
"Damn, it's embarrassing.",Negative,0,2,Negative
